,model_a,model_b,total,accA,accB,sum(A!=B),sum(A-B),SE_signtest,pvalue,SE_pred(A-B),SE_x(A-B),SE(A-B),"corr(A,B)",benchmark_id
0,AzeroGPT-64b,Codestral-Latest,880.0,0.2203409090909091,0.3532954545454545,178.12,-117.0,0.015166091473366247,5.99560490697788e-20,0.010103061660346531,0.010385137294406595,0.014488717387555007,0.7049667411661429,lcb_codegen_v5
1,AzeroGPT-64b,Gemini-Flash-1.5-002,880.0,0.2203409090909091,0.36124999999999996,186.48000000000002,-124.0,0.015517918195555966,4.943811792912209e-21,0.009234969671315622,0.011530750091788134,0.014773045133261843,0.6638190050419365,lcb_codegen_v5
2,AzeroGPT-64b,Mistral-Large,880.0,0.2203409090909091,0.3729545454545455,189.18,-134.3,0.015629854617746793,1.160507611322082e-24,0.010594555448074845,0.010275251500897234,0.014758909124627852,0.7044129907070433,lcb_codegen_v5
3,Claude-3.5-Sonnet-20240620,Codestral-Latest,880.0,0.48034090909090915,0.3532954545454545,171.94,111.80000000000001,0.014900669739232727,2.0823268066276926e-18,0.006669248811234472,0.012617826583768494,0.014271945466691197,0.6764538195714384,lcb_codegen_v5
4,Claude-3.5-Sonnet-20240620,DeepSeek-R1-Lite-Preview,880.0,0.48034090909090915,0.6307954545454545,230.08,-132.4,0.01723680475078049,1.4791306876806915e-19,0.009715004535835951,0.013304238031675198,0.016473738577954488,0.605627703996874,lcb_codegen_v5
5,Claude-3.5-Sonnet-20240620,DeepSeek-V3 copy,880.0,0.48034090909090915,0.5453409090909092,175.04000000000002,-57.2,0.015034395825946569,9.687504605972184e-06,0.007274305384338062,0.012973681153126648,0.014873867065682791,0.6652365225029815,lcb_codegen_v5
6,Claude-3.5-Sonnet-20240620,GPT-4O-2024-05-13,880.0,0.48034090909090915,0.4343181818181819,157.32,40.500000000000014,0.014253098836613777,0.002317473463870318,0.006670324409791782,0.012500027065564653,0.014168412203620877,0.6929233779011582,lcb_codegen_v5
7,Claude-3.5-Sonnet-20240620,Gemini-Flash-1.5-002,880.0,0.48034090909090915,0.36124999999999996,189.57999999999998,104.8,0.015646369684291644,7.43754976983154e-15,0.005262289389943107,0.014177466383355417,0.01512257394343571,0.6091870188303912,lcb_codegen_v5
8,Claude-3.5-Sonnet-20240620,Gemini-Flash-2.0-Thinking,880.0,0.48034090909090915,0.5114772727272727,181.56,-27.39999999999999,0.015311841147910428,0.05298888865344443,0.008641014165217497,0.0125969710451387,0.015275824210678524,0.6698954407168944,lcb_codegen_v5
9,Claude-3.5-Sonnet-20240620,Gemini-Pro-1.5-002,880.0,0.48034090909090915,0.4209090909090909,156.54000000000002,52.3,0.014217721162033046,3.80768626674405e-05,0.006185966745222831,0.012643718355900028,0.014075858710442007,0.6891024979897468,lcb_codegen_v5
10,Claude-3.5-Sonnet-20240620,Llama-3_1-Nemotron-Nano-8B-v1,880.0,0.48034090909090915,0.6443181818181818,259.3,-144.3,0.018298630441458123,3.3965183661344764e-20,,,0.017443758487116157,0.45281672036530096,lcb_codegen_v5
11,Claude-3.5-Sonnet-20240620,MetaStone-L1-7B,880.0,0.48034090909090915,0.5409090909090909,233.76,-53.30000000000001,0.01737410441237854,0.0006266921997496673,0.01042802411143582,0.013745801612887564,0.017253716957500758,0.5796073494075749,lcb_codegen_v5
12,Claude-3.5-Sonnet-20240620,Mistral-Large,880.0,0.48034090909090915,0.3729545454545455,178.26000000000002,94.50000000000003,0.015172050477851678,9.077867422545717e-13,0.0073926740720608565,0.01274500420751857,0.014733864468814249,0.6662881003732365,lcb_codegen_v5
13,Claude-3.5-Sonnet-20240620,O1-Preview-2024-09-12,880.0,0.48034090909090915,0.5556818181818182,188.7,-66.3,0.015610013474086337,1.6860965470030647e-06,,,0.01540202044004047,0.5949167048331464,lcb_codegen_v5
14,Claude-3.5-Sonnet-20240620,QwQ-32B-Preview,880.0,0.48034090909090915,0.5988636363636364,198.90000000000003,-104.30000000000003,0.01602635355483158,6.366545227324355e-14,,,0.015520334549777021,0.5823882463466121,lcb_codegen_v5
15,Codestral-Latest,AzeroGPT-64b,880.0,0.3532954545454545,0.2203409090909091,178.12,117.0,0.015166091473366247,2.8912760817667444e-19,0.010103061660346531,0.010385137294406595,0.014488717387555007,0.7049667411661429,lcb_codegen_v5
16,Codestral-Latest,Claude-3.5-Sonnet-20240620,880.0,0.3532954545454545,0.48034090909090915,171.94,-111.80000000000001,0.014900669739232727,2.0823268066276926e-18,0.006669248811234472,0.012617826583768494,0.014271945466691197,0.6764538195714384,lcb_codegen_v5
17,Codestral-Latest,DeepSeek-V3 copy,880.0,0.3532954545454545,0.5453409090909092,219.26,-169.0,0.016826625644451487,1.3697763216144082e-33,0.008079821593826341,0.013264277871069284,0.015531406389281067,0.6222115579269316,lcb_codegen_v5
18,Codestral-Latest,GPT-4O-2024-05-13,880.0,0.3532954545454545,0.4343181818181819,146.89999999999998,-71.3,0.013772989796477899,1.980365676693408e-09,0.007540638294953339,0.01119706013867584,0.013499458568566382,0.7318274394166574,lcb_codegen_v5
19,Codestral-Latest,Gemini-Flash-1.5-002,880.0,0.3532954545454545,0.36124999999999996,148.92000000000002,-7.0,0.013867361645542546,0.5651719099883442,0.006329272295213765,0.012335806744878866,0.013864768870556746,0.6789600327571219,lcb_codegen_v5
20,Codestral-Latest,Gemini-Flash-2.0-Thinking,880.0,0.3532954545454545,0.5114772727272727,207.86,-139.2,0.016383353020622705,1.2823436375046921e-23,0.009329261705351723,0.012367118645476185,0.015491312002481486,0.6525616996484493,lcb_codegen_v5
21,Codestral-Latest,Gemini-Pro-1.5-002,880.0,0.3532954545454545,0.4209090909090909,145.28000000000003,-59.500000000000014,0.013696835612108512,4.2905018827335674e-07,0.007115770003060489,0.0114792908624675,0.013505861743760936,0.7221227963167969,lcb_codegen_v5
22,Codestral-Latest,MetaStone-L1-7B,880.0,0.3532954545454545,0.5409090909090909,246.72,-165.1,0.0178492308327926,4.061159357975239e-28,0.011005075421465296,0.012549288144686586,0.016691204808836024,0.6101939532841512,lcb_codegen_v5
23,Codestral-Latest,Mistral-Large,880.0,0.3532954545454545,0.3729545454545455,131.51999999999998,-17.299999999999997,0.013032064715301318,0.16188152458394647,0.008186551661058125,0.010118097696246879,0.01301520376674795,0.7654733647237131,lcb_codegen_v5
24,DeepCoder-14B-Preview,DeepSeek-R1-Lite-Preview,880.0,0.7329545454545454,0.6307954545454545,197.1,89.9,0.015953671304723985,1.7765386884519302e-10,,,0.015577547685688121,0.5880694544862713,lcb_codegen_v5
25,DeepCoder-14B-Preview,DeepSeek-R1-Preview,880.0,0.7329545454545454,0.7788636363636364,148.6,-40.4,0.013852454506973432,0.001268752139779757,,,0.013765734457486078,0.6195135925091849,lcb_codegen_v5
26,DeepCoder-14B-Preview,DeepSeek-V3 copy,880.0,0.7329545454545454,0.5453409090909092,249.9,165.1,0.01796389284873943,2.1956104248352847e-27,,,0.01681376587588838,0.47094608918769454,lcb_codegen_v5
27,DeepCoder-14B-Preview,Kimi-k1.6-IOI,880.0,0.7329545454545454,0.8014772727272726,156.1,-60.29999999999999,0.01419772563557771,7.532489029546564e-07,,,0.014008560673399255,0.5901264973399291,lcb_codegen_v5
28,DeepCoder-14B-Preview,Kimi-k1.6-IOI-high,880.0,0.7329545454545454,0.8602272727272727,156.0,-112.0,0.014193177269087268,8.707357238182177e-21,,,0.013529193189900382,0.5048425744001303,lcb_codegen_v5
29,DeepCoder-14B-Preview,Llama-3_1-Nemotron-Nano-8B-v1,880.0,0.7329545454545454,0.6443181818181818,190.0,78.0,0.01566369176373889,1.4704952699915239e-08,,,0.015376069288405058,0.5119420529013365,lcb_codegen_v5
30,DeepCoder-14B-Preview,Llama-3_1-Nemotron-Ultra-253B-v1,880.0,0.7329545454545454,0.7772727272727272,165.0,-39.0,0.014596855203028555,0.0029770251084543626,,,0.014520201396374804,0.49792750855883733,lcb_codegen_v5
31,DeepCoder-14B-Preview,MetaStone-L1-7B,880.0,0.7329545454545454,0.5409090909090909,239.20000000000002,169.00000000000003,0.01757510448107382,3.3723070797361384e-30,,,0.016339325303425155,0.5650956374999444,lcb_codegen_v5
32,DeepCoder-14B-Preview,O1-2024-12-17 (High),880.0,0.7329545454545454,0.8318181818181818,157.0,-87.0,0.014238595552433713,1.7493089809614953e-12,,,0.013843076391945477,0.5045863682748173,lcb_codegen_v5
33,DeepCoder-14B-Preview,O1-2024-12-17 (Low),880.0,0.7329545454545454,0.759090909090909,161.0,-23.0,0.014418838114147181,0.08262582271649302,,,0.014391894655042235,0.5188692278475789,lcb_codegen_v5
34,DeepCoder-14B-Preview,O1-2024-12-17 (Med),880.0,0.7329545454545454,0.7829545454545455,148.0,-44.0,0.013824460296132317,0.0003734381914831312,,,0.013721326225566894,0.5482734548748073,lcb_codegen_v5
35,DeepCoder-14B-Preview,O1-Mini-2024-09-12,880.0,0.7329545454545454,0.6840909090909091,187.0,43.0,0.015539539012701525,0.0020485721433264187,,,0.015451991083871623,0.4904245539593192,lcb_codegen_v5
36,DeepCoder-14B-Preview,O1-Preview-2024-09-12,880.0,0.7329545454545454,0.5556818181818182,258.0,156.0,0.018252702732055693,1.805166565907918e-23,,,0.01724674535657207,0.41139455212766296,lcb_codegen_v5
37,DeepCoder-14B-Preview,QwQ-32B-Preview,880.0,0.7329545454545454,0.5988636363636364,208.0,118.0,0.016388869433927224,6.71149141706129e-17,,,0.015753183821879322,0.501692589221841,lcb_codegen_v5
38,DeepCoder-14B-Preview,QwQ-Max-Preview,880.0,0.7329545454545454,0.8,151.0,-59.0,0.013963870144823304,1.765218829289685e-06,,,0.013779753598028854,0.532971900456828,lcb_codegen_v5
39,DeepSeek-R1-Lite-Preview,Claude-3.5-Sonnet-20240620,880.0,0.6307954545454545,0.48034090909090915,230.08,132.4,0.01723680475078049,5.545050194207658e-19,0.009715004535835951,0.013304238031675198,0.016473738577954488,0.6056277039968742,lcb_codegen_v5
40,DeepSeek-R1-Lite-Preview,DeepCoder-14B-Preview,880.0,0.6307954545454545,0.7329545454545454,197.1,-89.9,0.015953671304723985,6.566116686417369e-11,,,0.015577547685688121,0.5880694544862713,lcb_codegen_v5
41,DeepSeek-R1-Lite-Preview,DeepSeek-R1-Preview,880.0,0.6307954545454545,0.7788636363636364,163.72,-130.29999999999998,0.014540126865203012,1.0626966311362292e-27,0.011210457493271543,0.007799171993863286,0.013656553042342328,0.794218363514392,lcb_codegen_v5
42,DeepSeek-R1-Lite-Preview,DeepSeek-V3 copy,880.0,0.6307954545454545,0.5453409090909092,191.9,75.20000000000002,0.015741815399315153,5.8641749693510654e-08,0.01073247177556145,0.011149911644355512,0.015475996901335881,0.6984812460016748,lcb_codegen_v5
43,DeepSeek-R1-Lite-Preview,GPT-4O-2024-05-13,880.0,0.6307954545454545,0.4343181818181819,231.66000000000003,172.90000000000003,0.017295887582680664,4.275652722089995e-33,0.010332650159590109,0.012186741169832552,0.01597749416088046,0.6502158238653519,lcb_codegen_v5
44,DeepSeek-R1-Lite-Preview,Gemini-Flash-2.0-Thinking,880.0,0.6307954545454545,0.5114772727272727,193.01999999999998,105.0,0.015787686121083458,1.5181241194685093e-14,0.011702032190696744,0.009804859073291965,0.01526672259652407,0.7446178902358378,lcb_codegen_v5
45,DeepSeek-R1-Lite-Preview,Kimi-k1.6-IOI,880.0,0.6307954545454545,0.8014772727272726,179.24,-150.2,0.015213698155617782,6.723947431032307e-34,0.011205977022485209,0.008530991937083685,0.01408374042855993,0.7540338962303063,lcb_codegen_v5
46,DeepSeek-R1-Lite-Preview,Llama-3_1-Nemotron-Nano-8B-v1,880.0,0.6307954545454545,0.6443181818181818,179.5,-11.900000000000006,0.015224728417016208,0.36980577503694073,,,0.015217902457242893,0.652597456540099,lcb_codegen_v5
47,DeepSeek-R1-Lite-Preview,Llama-3_1-Nemotron-Ultra-253B-v1,880.0,0.6307954545454545,0.7772727272727272,180.3,-128.89999999999998,0.015258617670783304,4.196039194564824e-24,,,0.014437591881279604,0.6470943844874008,lcb_codegen_v5
48,DeepSeek-R1-Lite-Preview,MetaStone-L1-7B,880.0,0.6307954545454545,0.5409090909090909,184.51999999999998,79.10000000000001,0.015436152156169934,8.294072975022163e-09,0.013077236652186894,0.007620981472495503,0.015135834204344998,0.8087205385286356,lcb_codegen_v5
49,DeepSeek-R1-Lite-Preview,O1-2024-12-17 (Low),880.0,0.6307954545454545,0.759090909090909,167.5,-112.90000000000002,0.014707021710846346,1.3531388272752777e-19,,,0.014056751266735444,0.6842016143245422,lcb_codegen_v5
50,DeepSeek-R1-Lite-Preview,O1-2024-12-17 (Med),880.0,0.6307954545454545,0.7829545454545455,171.89999999999998,-133.89999999999998,0.014898936397781015,5.928628434532069e-27,,,0.013988165458401718,0.676774816602996,lcb_codegen_v5
51,DeepSeek-R1-Lite-Preview,O1-Mini-2024-09-12,880.0,0.6307954545454545,0.6840909090909091,158.5,-46.90000000000002,0.014306452627288831,0.00016616729130786213,,,0.014193197429836117,0.7070516646031256,lcb_codegen_v5
52,DeepSeek-R1-Lite-Preview,O1-Preview-2024-09-12,880.0,0.6307954545454545,0.5556818181818182,186.7,66.10000000000001,0.01552706913854182,1.4750743923316426e-06,,,0.015319218193814085,0.6652603069065517,lcb_codegen_v5
53,DeepSeek-R1-Lite-Preview,QwQ-32B-Preview,880.0,0.6307954545454545,0.5988636363636364,138.5,28.1,0.013373411699931613,0.021199549692339205,,,0.013330020912483038,0.7817373765345358,lcb_codegen_v5
54,DeepSeek-R1-Lite-Preview,QwQ-Max-Preview,880.0,0.6307954545454545,0.8,178.70000000000002,-148.9,0.015190763559500923,1.2402919396148889e-33,,,0.014079240182224069,0.6606217333972989,lcb_codegen_v5
55,DeepSeek-R1-Preview,DeepCoder-14B-Preview,880.0,0.7788636363636364,0.7329545454545454,148.6,40.4,0.013852454506973432,0.001268752139779757,,,0.013765734457486078,0.6195135925091849,lcb_codegen_v5
56,DeepSeek-R1-Preview,DeepSeek-R1-Lite-Preview,880.0,0.7788636363636364,0.6307954545454545,163.72,130.29999999999998,0.014540126865203012,1.0626966311362292e-27,0.011210457493271543,0.007799171993863286,0.013656553042342328,0.794218363514392,lcb_codegen_v5
57,DeepSeek-R1-Preview,Kimi-k1.6-IOI,880.0,0.7788636363636364,0.8014772727272726,85.5,-19.9,0.010507523868697119,0.029456361785778883,0.009726074928612674,0.0039026163812001928,0.010479835310528507,0.9164554044452903,lcb_codegen_v5
58,DeepSeek-R1-Preview,Kimi-k1.6-IOI-high,880.0,0.7788636363636364,0.8602272727272727,92.0,-71.6,0.010899617098437998,3.304694637372018e-15,,,0.010548880445936413,0.7642476155214489,lcb_codegen_v5
59,DeepSeek-R1-Preview,Llama-3_1-Nemotron-Nano-8B-v1,880.0,0.7788636363636364,0.6443181818181818,168.79999999999998,118.39999999999999,0.014763983426283376,2.7276165626071624e-21,,,0.014050060760113638,0.6478817084788278,lcb_codegen_v5
60,DeepSeek-R1-Preview,Llama-3_1-Nemotron-Ultra-253B-v1,880.0,0.7788636363636364,0.7772727272727272,111.6,1.4000000000000057,0.01200464786022205,1.0,,,0.012004528067398637,0.7154605971318154,lcb_codegen_v5
61,DeepSeek-R1-Preview,O1-2024-12-17 (High),880.0,0.7788636363636364,0.8318181818181818,106.00000000000001,-46.60000000000001,0.011699579705667046,3.4525612188472383e-06,,,0.011562594548519961,0.7082784555541731,lcb_codegen_v5
62,DeepSeek-R1-Preview,O1-2024-12-17 (Low),880.0,0.7788636363636364,0.759090909090909,105.4,17.4,0.011666420697918727,0.11799998150585843,,,0.011647364437001387,0.7508656031947952,lcb_codegen_v5
63,DeepSeek-R1-Preview,O1-2024-12-17 (Med),880.0,0.7788636363636364,0.7829545454545455,96.80000000000001,-3.6000000000000014,0.011180339887498949,0.7596492883236297,,,0.011179489359720423,0.7672321969294468,lcb_codegen_v5
64,DeepSeek-R1-Preview,O1-Mini-2024-09-12,880.0,0.7788636363636364,0.6840909090909091,138.4,83.4,0.013368582881684313,1.0913174693975075e-12,,,0.012981230218964074,0.7033994276226796,lcb_codegen_v5
65,DeepSeek-R1-Preview,QwQ-32B-Preview,880.0,0.7788636363636364,0.5988636363636364,186.79999999999998,158.4,0.015531226875699897,9.137037246442992e-36,,,0.014296881703584209,0.6464093059717925,lcb_codegen_v5
66,DeepSeek-R1-Preview,QwQ-Max-Preview,880.0,0.7788636363636364,0.8,89.0,-18.6,0.010720433104609777,0.05577832765373432,,,0.010696729415647813,0.7885077076704369,lcb_codegen_v5
67,DeepSeek-V3 copy,Claude-3.5-Sonnet-20240620,880.0,0.5453409090909092,0.48034090909090915,175.04000000000002,57.2,0.015034395825946569,1.9666787562534974e-05,0.007274305384338062,0.012973681153126648,0.014873867065682791,0.6652365225029816,lcb_codegen_v5
68,DeepSeek-V3 copy,Codestral-Latest,880.0,0.5453409090909092,0.3532954545454545,219.26,169.0,0.016826625644451487,1.3697763216144082e-33,0.008079821593826341,0.013264277871069284,0.015531406389281067,0.6222115579269316,lcb_codegen_v5
69,DeepSeek-V3 copy,DeepCoder-14B-Preview,880.0,0.5453409090909092,0.7329545454545454,249.9,-165.1,0.01796389284873943,2.1956104248352847e-27,,,0.01681376587588838,0.47094608918769454,lcb_codegen_v5
70,DeepSeek-V3 copy,DeepSeek-R1-Lite-Preview,880.0,0.5453409090909092,0.6307954545454545,191.9,-75.20000000000002,0.015741815399315153,5.8641749693510654e-08,0.01073247177556145,0.011149911644355512,0.015475996901335881,0.6984812460016749,lcb_codegen_v5
71,DeepSeek-V3 copy,GPT-4O-2024-05-13,880.0,0.5453409090909092,0.4343181818181819,185.2,97.69999999999999,0.015464568942003636,4.80067471213527e-13,0.008080709437529239,0.012643107099385573,0.015004866615212144,0.668718806294677,lcb_codegen_v5
72,DeepSeek-V3 copy,Gemini-Flash-1.5-002,880.0,0.5453409090909092,0.36124999999999996,232.92,161.99999999999997,0.017342860011786688,1.4131929720206351e-28,0.006963930420776604,0.014620797286397346,0.016194568231210793,0.5630581293889323,lcb_codegen_v5
73,DeepSeek-V3 copy,Gemini-Flash-2.0-Thinking,880.0,0.5453409090909092,0.5114772727272727,185.07999999999998,29.80000000000001,0.015459558010638516,0.03924357573904414,0.00977096530980432,0.011925730606324108,0.015417354298971502,0.68411091710755,lcb_codegen_v5
74,DeepSeek-V3 copy,Gemini-Pro-1.5-002,880.0,0.5453409090909092,0.4209090909090909,204.72000000000003,109.50000000000001,0.01625913602047266,4.817291008448097e-15,0.007685754475320738,0.013700147769110483,0.01570875140647326,0.6171517861670397,lcb_codegen_v5
75,DeepSeek-V3 copy,Llama-3_1-Nemotron-Nano-8B-v1,880.0,0.5453409090909092,0.6443181818181818,224.70000000000002,-87.1,0.01703408711868476,3.9082149884231235e-09,,,0.01670412335372141,0.5171304201720535,lcb_codegen_v5
76,DeepSeek-V3 copy,MetaStone-L1-7B,880.0,0.5453409090909092,0.5409090909090909,205.7,3.8999999999999915,0.01629800601300662,0.8889523448298265,0.011381929719981443,0.011664234073317207,0.016297321272765383,0.6710802674948328,lcb_codegen_v5
77,DeepSeek-V3 copy,Mistral-Large,880.0,0.5453409090909092,0.3729545454545455,221.60000000000002,151.7,0.016916176423571266,4.6429393989991083e-26,0.00868655669512557,0.013301555287519187,0.015886712695978373,0.6157604313549218,lcb_codegen_v5
78,DeepSeek-V3 copy,O1-Mini-2024-09-12,880.0,0.5453409090909092,0.6840909090909091,213.9,-122.1,0.016619682396941483,6.884606541565825e-18,,,0.015947948689628542,0.5524575456459314,lcb_codegen_v5
79,DeepSeek-V3 copy,O1-Preview-2024-09-12,880.0,0.5453409090909092,0.5556818181818182,196.3,-9.100000000000009,0.01592126157840307,0.520422195881702,,,0.01591744495462002,0.5849463870557469,lcb_codegen_v5
80,DeepSeek-V3 copy,QwQ-32B-Preview,880.0,0.5453409090909092,0.5988636363636364,187.7,-47.10000000000001,0.01556859654391196,0.0007257496113600019,,,0.015463695467520333,0.605790534355823,lcb_codegen_v5
81,GPT-4O-2024-05-13,Claude-3.5-Sonnet-20240620,880.0,0.4343181818181819,0.48034090909090915,157.32,-40.500000000000014,0.014253098836613777,0.0013352491869990629,0.006670324409791782,0.012500027065564653,0.014168412203620877,0.6929233779011583,lcb_codegen_v5
82,GPT-4O-2024-05-13,Codestral-Latest,880.0,0.4343181818181819,0.3532954545454545,146.89999999999998,71.3,0.013772989796477899,1.980365676693408e-09,0.007540638294953339,0.01119706013867584,0.013499458568566382,0.7318274394166575,lcb_codegen_v5
83,GPT-4O-2024-05-13,DeepSeek-R1-Lite-Preview,880.0,0.4343181818181819,0.6307954545454545,231.66000000000003,-172.90000000000003,0.017295887582680664,4.275652722089995e-33,0.010332650159590109,0.012186741169832552,0.01597749416088046,0.650215823865352,lcb_codegen_v5
84,GPT-4O-2024-05-13,DeepSeek-V3 copy,880.0,0.4343181818181819,0.5453409090909092,185.2,-97.69999999999999,0.015464568942003636,1.4686027061581792e-13,0.008080709437529239,0.012643107099385573,0.015004866615212144,0.668718806294677,lcb_codegen_v5
85,GPT-4O-2024-05-13,Gemini-Flash-1.5-002,880.0,0.4343181818181819,0.36124999999999996,139.92000000000002,64.30000000000001,0.01344179371147386,3.22000274970309e-08,0.00633040565940858,0.011599171663735773,0.013214190065890648,0.7258344651197687,lcb_codegen_v5
86,GPT-4O-2024-05-13,Gemini-Flash-2.0-Thinking,880.0,0.4343181818181819,0.5114772727272727,158.5,-67.89999999999999,0.014306452627288831,6.204067317492671e-08,0.009330030653360888,0.010528995446567782,0.014068021079970664,0.7541714191192816,lcb_codegen_v5
87,GPT-4O-2024-05-13,Gemini-Pro-1.5-002,880.0,0.4343181818181819,0.4209090909090909,128.39999999999998,11.799999999999997,0.012876559522013904,0.33093582894221407,0.0071167781166878545,0.010721610511198207,0.012868623186495247,0.7649586740190809,lcb_codegen_v5
88,GPT-4O-2024-05-13,MetaStone-L1-7B,880.0,0.4343181818181819,0.5409090909090909,222.28000000000003,-93.80000000000003,0.016942110965488987,2.344509208699093e-10,0.011005727284366591,0.012369242374975076,0.016556696228074316,0.6397204790578382,lcb_codegen_v5
89,GPT-4O-2024-05-13,Mistral-Large,880.0,0.4343181818181819,0.3729545454545455,130.07999999999998,53.999999999999986,0.012960524935802957,2.430816850424535e-06,0.008187427930973512,0.009831696593654387,0.012794382909486509,0.7875577446238365,lcb_codegen_v5
90,GPT-4O-2024-05-13,O1-Preview-2024-09-12,880.0,0.4343181818181819,0.5556818181818182,205.99999999999997,-106.79999999999998,0.016309886470917415,3.3643638057895446e-14,,,0.015788437111736383,0.5819918537575431,lcb_codegen_v5
91,GPT-4O-2024-05-13,QwQ-32B-Preview,880.0,0.4343181818181819,0.5988636363636364,221.6,-144.79999999999998,0.016916176423571266,5.947405869077329e-24,,,0.015980918138610425,0.5639884653700746,lcb_codegen_v5
92,Gemini-Flash-1.5-002,AzeroGPT-64b,880.0,0.36124999999999996,0.2203409090909091,186.48000000000002,124.0,0.015517918195555966,4.943811792912209e-21,0.009234969671315622,0.011530750091788134,0.014773045133261843,0.6638190050419364,lcb_codegen_v5
93,Gemini-Flash-1.5-002,Claude-3.5-Sonnet-20240620,880.0,0.36124999999999996,0.48034090909090915,189.57999999999998,-104.8,0.015646369684291644,7.43754976983154e-15,0.005262289389943107,0.014177466383355417,0.01512257394343571,0.6091870188303912,lcb_codegen_v5
94,Gemini-Flash-1.5-002,Codestral-Latest,880.0,0.36124999999999996,0.3532954545454545,148.92000000000002,7.0,0.013867361645542546,0.6812170868939303,0.006329272295213765,0.012335806744878866,0.013864768870556746,0.678960032757122,lcb_codegen_v5
95,Gemini-Flash-1.5-002,DeepSeek-V3 copy,880.0,0.36124999999999996,0.5453409090909092,232.92,-161.99999999999997,0.017342860011786688,1.4131929720206351e-28,0.006963930420776604,0.014620797286397346,0.016194568231210793,0.5630581293889323,lcb_codegen_v5
96,Gemini-Flash-1.5-002,GPT-4O-2024-05-13,880.0,0.36124999999999996,0.4343181818181819,139.92000000000002,-64.30000000000001,0.01344179371147386,3.22000274970309e-08,0.00633040565940858,0.011599171663735773,0.013214190065890648,0.7258344651197687,lcb_codegen_v5
97,Gemini-Flash-1.5-002,Gemini-Flash-2.0-Thinking,880.0,0.36124999999999996,0.5114772727272727,170.33999999999997,-132.2,0.014831178071050412,1.0549434615879526e-26,0.008381404052084441,0.011138679869599245,0.013939803553913983,0.7292042613494234,lcb_codegen_v5
98,Gemini-Flash-1.5-002,Gemini-Pro-1.5-002,880.0,0.36124999999999996,0.4209090909090909,111.94,-52.5,0.012022920603360514,4.906490239983607e-07,0.005817816828829423,0.010327587986855487,0.011853525478947285,0.7837328541944057,lcb_codegen_v5
99,Gemini-Flash-1.5-002,MetaStone-L1-7B,880.0,0.36124999999999996,0.5409090909090909,226.84000000000003,-158.10000000000002,0.017115009603240316,6.103951020071312e-28,0.010213936310232943,0.012325591575830913,0.01600764513111435,0.6440936536262559,lcb_codegen_v5
100,Gemini-Flash-1.5-002,Mistral-Large,880.0,0.36124999999999996,0.3729545454545455,140.5,-10.300000000000011,0.013469624535374657,0.4469896132741674,0.007087484604323943,0.011447387011803568,0.01346384445151302,0.7188096100429476,lcb_codegen_v5
101,Gemini-Flash-1.5-002,O1-Preview-2024-09-12,880.0,0.36124999999999996,0.5556818181818182,240.7,-171.10000000000002,0.017630124247767952,3.3282400359566975e-31,,,0.016366505268911802,0.517224401348676,lcb_codegen_v5
102,Gemini-Flash-2.0-Thinking,Claude-3.5-Sonnet-20240620,880.0,0.5114772727272727,0.48034090909090915,181.56,27.39999999999999,0.015311841147910428,0.05298888865344443,0.008641014165217497,0.0125969710451387,0.015275824210678524,0.6698954407168944,lcb_codegen_v5
103,Gemini-Flash-2.0-Thinking,Codestral-Latest,880.0,0.5114772727272727,0.3532954545454545,207.86,139.2,0.016383353020622705,1.2823436375046921e-23,0.009329261705351723,0.012367118645476185,0.015491312002481486,0.6525616996484493,lcb_codegen_v5
104,Gemini-Flash-2.0-Thinking,DeepSeek-R1-Lite-Preview,880.0,0.5114772727272727,0.6307954545454545,193.01999999999998,-105.0,0.015787686121083458,1.5181241194685093e-14,0.011702032190696744,0.009804859073291965,0.01526672259652407,0.7446178902358378,lcb_codegen_v5
105,Gemini-Flash-2.0-Thinking,DeepSeek-V3 copy,880.0,0.5114772727272727,0.5453409090909092,185.07999999999998,-29.80000000000001,0.015459558010638516,0.027138779700964785,0.00977096530980432,0.011925730606324108,0.015417354298971502,0.6841109171075499,lcb_codegen_v5
106,Gemini-Flash-2.0-Thinking,GPT-4O-2024-05-13,880.0,0.5114772727272727,0.4343181818181819,158.5,67.89999999999999,0.014306452627288831,6.204067317492671e-08,0.009330030653360888,0.010528995446567782,0.014068021079970664,0.7541714191192816,lcb_codegen_v5
107,Gemini-Flash-2.0-Thinking,Gemini-Flash-1.5-002,880.0,0.5114772727272727,0.36124999999999996,170.33999999999997,132.2,0.014831178071050412,1.0549434615879526e-26,0.008381404052084441,0.011138679869599245,0.013939803553913983,0.7292042613494235,lcb_codegen_v5
108,Gemini-Flash-2.0-Thinking,Gemini-Pro-1.5-002,880.0,0.5114772727272727,0.4209090909090909,151.08,79.70000000000002,0.013967568693463139,7.999412780845501e-11,0.008990129522637171,0.010244482176131648,0.01362981452151391,0.7695404438815757,lcb_codegen_v5
109,Gemini-Flash-2.0-Thinking,Llama-3_1-Nemotron-Nano-8B-v1,880.0,0.5114772727272727,0.6443181818181818,236.89999999999998,-116.89999999999998,0.01749040468938175,2.0802331696853963e-14,,,0.01690742972531355,0.5267576210238223,lcb_codegen_v5
110,Gemini-Flash-2.0-Thinking,MetaStone-L1-7B,880.0,0.5114772727272727,0.5409090909090909,203.42,-25.900000000000006,0.016207429935803114,0.06776079349097897,0.012300403697825391,0.01050697385255405,0.01617703405039784,0.7100726142747296,lcb_codegen_v5
111,Gemini-Flash-2.0-Thinking,Mistral-Large,880.0,0.5114772727272727,0.3729545454545455,180.04,121.9,0.015247611925199552,2.1538220250242422e-20,0.009859405367288158,0.010652540980853165,0.01451497514793831,0.7334563906654376,lcb_codegen_v5
112,Gemini-Flash-2.0-Thinking,O1-Mini-2024-09-12,880.0,0.5114772727272727,0.6840909090909091,237.1,-151.9,0.01749778616457399,9.410976177684003e-25,,,0.01650194033781057,0.5397237687197144,lcb_codegen_v5
113,Gemini-Flash-2.0-Thinking,O1-Preview-2024-09-12,880.0,0.5114772727272727,0.5556818181818182,182.3,-38.89999999999999,0.01534301332370013,0.0037224493040708237,,,0.015270479879874285,0.6504522203707394,lcb_codegen_v5
114,Gemini-Flash-2.0-Thinking,QwQ-32B-Preview,880.0,0.5114772727272727,0.5988636363636364,176.5,-76.89999999999999,0.015096966199530024,3.6170003167404e-09,,,0.014806778441147203,0.6720899886198647,lcb_codegen_v5
115,Gemini-Pro-1.5-002,Claude-3.5-Sonnet-20240620,880.0,0.4209090909090909,0.48034090909090915,156.54000000000002,-52.3,0.014217721162033046,3.80768626674405e-05,0.006185966745222831,0.012643718355900028,0.014075858710442007,0.6891024979897469,lcb_codegen_v5
116,Gemini-Pro-1.5-002,Codestral-Latest,880.0,0.4209090909090909,0.3532954545454545,145.28000000000003,59.500000000000014,0.013696835612108512,1.0503378526382537e-06,0.007115770003060489,0.0114792908624675,0.013505861743760936,0.7221227963167969,lcb_codegen_v5
117,Gemini-Pro-1.5-002,DeepSeek-V3 copy,880.0,0.4209090909090909,0.5453409090909092,204.72000000000003,-109.50000000000001,0.01625913602047266,4.817291008448097e-15,0.007685754475320738,0.013700147769110483,0.01570875140647326,0.6171517861670397,lcb_codegen_v5
118,Gemini-Pro-1.5-002,GPT-4O-2024-05-13,880.0,0.4209090909090909,0.4343181818181819,128.39999999999998,-11.799999999999997,0.012876559522013904,0.33093582894221407,0.0071167781166878545,0.010721610511198207,0.012868623186495247,0.764958674019081,lcb_codegen_v5
119,Gemini-Pro-1.5-002,Gemini-Flash-1.5-002,880.0,0.4209090909090909,0.36124999999999996,111.94,52.5,0.012022920603360514,4.906490239983607e-07,0.005817816828829423,0.010327587986855487,0.011853525478947285,0.7837328541944056,lcb_codegen_v5
120,Gemini-Pro-1.5-002,Gemini-Flash-2.0-Thinking,880.0,0.4209090909090909,0.5114772727272727,151.08,-79.70000000000002,0.013967568693463139,2.444259100024143e-11,0.008990129522637171,0.010244482176131648,0.01362981452151391,0.7695404438815757,lcb_codegen_v5
121,Gemini-Pro-1.5-002,MetaStone-L1-7B,880.0,0.4209090909090909,0.5409090909090909,226.12,-105.60000000000001,0.017087826124258534,1.0922236812145286e-12,0.010719094639893328,0.012677979941231422,0.016602113277810634,0.627264928954291,lcb_codegen_v5
122,Gemini-Pro-1.5-002,Mistral-Large,880.0,0.4209090909090909,0.3729545454545455,144.06,42.199999999999996,0.01363920424958815,0.0005851398425063664,0.0077978800302405185,0.01107283767187097,0.013543067122097156,0.737342899895185,lcb_codegen_v5
123,Gemini-Pro-1.5-002,O1-Preview-2024-09-12,880.0,0.4209090909090909,0.5556818181818182,211.0,-118.60000000000001,0.016506635279924943,6.264821781886195e-17,,,0.015869103745965788,0.5692682788220992,lcb_codegen_v5
124,Gemini-Pro-1.5-002,QwQ-32B-Preview,880.0,0.4209090909090909,0.5988636363636364,210.6,-156.6,0.016490981757883397,1.1416791141078371e-29,,,0.015361195264893643,0.5927490397801689,lcb_codegen_v5
125,Kimi-k1.6-IOI,DeepCoder-14B-Preview,880.0,0.8014772727272726,0.7329545454545454,156.1,60.29999999999999,0.01419772563557771,1.7480260886077415e-06,,,0.014008560673399255,0.590126497339929,lcb_codegen_v5
126,Kimi-k1.6-IOI,DeepSeek-R1-Lite-Preview,880.0,0.8014772727272726,0.6307954545454545,179.24,150.2,0.015213698155617782,7.44930128814235e-33,0.011205977022485209,0.008530991937083685,0.01408374042855993,0.7540338962303064,lcb_codegen_v5
127,Kimi-k1.6-IOI,DeepSeek-R1-Preview,880.0,0.8014772727272726,0.7788636363636364,85.5,19.9,0.010507523868697119,0.050250895335291444,0.009726074928612674,0.0039026163812001928,0.010479835310528507,0.9164554044452904,lcb_codegen_v5
128,Kimi-k1.6-IOI,Kimi-k1.6-IOI-high,880.0,0.8014772727272726,0.8602272727272727,69.7,-51.7,0.009487105211246273,2.2444496451277593e-10,,,0.009278088982954404,0.8415687440099491,lcb_codegen_v5
129,Kimi-k1.6-IOI,Llama-3_1-Nemotron-Nano-8B-v1,880.0,0.8014772727272726,0.6443181818181818,189.90000000000003,138.3,0.01565956919707616,2.9974927194726495e-26,,,0.014736182846147573,0.5903894134206027,lcb_codegen_v5
130,Kimi-k1.6-IOI,Llama-3_1-Nemotron-Ultra-253B-v1,880.0,0.8014772727272726,0.7772727272727272,112.5,21.30000000000001,0.01205295649749797,0.07212638623517523,,,0.012025307077455446,0.706107594490723,lcb_codegen_v5
131,Kimi-k1.6-IOI,O1-2024-12-17 (High),880.0,0.8014772727272726,0.8318181818181818,93.5,-26.70000000000001,0.010988113412394158,0.006695018134217244,,,0.01094040827493204,0.742196587540029,lcb_codegen_v5
132,Kimi-k1.6-IOI,O1-2024-12-17 (Low),880.0,0.8014772727272726,0.759090909090909,112.1,37.29999999999999,0.01203150993869675,0.0008605684481792975,,,0.011946364976524416,0.7252899969866732,lcb_codegen_v5
133,Kimi-k1.6-IOI,O1-2024-12-17 (Med),880.0,0.8014772727272726,0.7829545454545455,95.9,16.30000000000001,0.011128243793040992,0.10017333048675559,,,0.011110712546787128,0.7663661692749115,lcb_codegen_v5
134,Kimi-k1.6-IOI,O1-Mini-2024-09-12,880.0,0.8014772727272726,0.6840909090909091,155.10000000000002,103.30000000000001,0.014152176189868854,1.3030948989919273e-17,,,0.013587696708964639,0.6559572489903766,lcb_codegen_v5
135,Kimi-k1.6-IOI,QwQ-Max-Preview,880.0,0.8014772727272726,0.8,93.9,1.3000000000000114,0.011011592313977856,1.0,,,0.011011479708170404,0.7611213145521822,lcb_codegen_v5
136,Kimi-k1.6-IOI-high,DeepCoder-14B-Preview,880.0,0.8602272727272727,0.7329545454545454,156.0,112.0,0.014193177269087268,8.707357238182177e-21,,,0.013529193189900382,0.5048425744001303,lcb_codegen_v5
137,Kimi-k1.6-IOI-high,DeepSeek-R1-Preview,880.0,0.8602272727272727,0.7788636363636364,92.0,71.6,0.010899617098437998,2.501505063220086e-14,,,0.010548880445936413,0.7642476155214489,lcb_codegen_v5
138,Kimi-k1.6-IOI-high,Kimi-k1.6-IOI,880.0,0.8602272727272727,0.8014772727272726,69.7,51.7,0.009487105211246273,2.2444496451277593e-10,,,0.009278088982954404,0.8415687440099492,lcb_codegen_v5
139,Kimi-k1.6-IOI-high,Llama-3_1-Nemotron-Ultra-253B-v1,880.0,0.8602272727272727,0.7772727272727272,115.0,73.0,0.012186142380413191,3.240204200619261e-12,,,0.011860953969099617,0.5876129777022606,lcb_codegen_v5
140,Kimi-k1.6-IOI-high,O1-2024-12-17 (High),880.0,0.8602272727272727,0.8318181818181818,77.0,25.0,0.00997155044021832,0.005870707889737201,,,0.009925456455826043,0.668648580157984,lcb_codegen_v5
141,Kimi-k1.6-IOI-high,O1-2024-12-17 (Low),880.0,0.8602272727272727,0.759090909090909,117.0,89.0,0.012291652075445417,6.384202700912362e-18,,,0.011809375195396026,0.6082364553060422,lcb_codegen_v5
142,Kimi-k1.6-IOI-high,O1-2024-12-17 (Med),880.0,0.8602272727272727,0.7829545454545455,98.0,68.0,0.011249426064331438,1.3988186908802743e-12,,,0.010943686535222815,0.6463453642014857,lcb_codegen_v5
143,Kimi-k1.6-IOI-high,O1-Mini-2024-09-12,880.0,0.8602272727272727,0.6840909090909091,167.0,155.0,0.014685054526500096,3.0536888838142817e-40,,,0.01343116747944894,0.5508744423165092,lcb_codegen_v5
144,Kimi-k1.6-IOI-high,QwQ-Max-Preview,880.0,0.8602272727272727,0.8,93.0,53.0,0.010958694046582904,2.9201448769714557e-08,,,0.010768983967101837,0.6423261097327646,lcb_codegen_v5
145,Llama-3_1-Nemotron-Nano-8B-v1,Claude-3.5-Sonnet-20240620,880.0,0.6443181818181818,0.48034090909090915,259.3,144.3,0.018298630441458123,1.1932480276912935e-19,,,0.017443758487116157,0.45281672036530096,lcb_codegen_v5
146,Llama-3_1-Nemotron-Nano-8B-v1,DeepCoder-14B-Preview,880.0,0.6443181818181818,0.7329545454545454,190.0,-78.0,0.01566369176373889,1.4704952699915239e-08,,,0.015376069288405058,0.5119420529013365,lcb_codegen_v5
147,Llama-3_1-Nemotron-Nano-8B-v1,DeepSeek-R1-Lite-Preview,880.0,0.6443181818181818,0.6307954545454545,179.5,11.900000000000006,0.015224728417016208,0.4548953397912325,,,0.015217902457242893,0.652597456540099,lcb_codegen_v5
148,Llama-3_1-Nemotron-Nano-8B-v1,DeepSeek-R1-Preview,880.0,0.6443181818181818,0.7788636363636364,168.79999999999998,-118.39999999999999,0.014763983426283376,2.7276165626071624e-21,,,0.014050060760113638,0.6478817084788279,lcb_codegen_v5
149,Llama-3_1-Nemotron-Nano-8B-v1,DeepSeek-V3 copy,880.0,0.6443181818181818,0.5453409090909092,224.70000000000002,87.1,0.01703408711868476,8.974782651263408e-09,,,0.01670412335372141,0.5171304201720534,lcb_codegen_v5
150,Llama-3_1-Nemotron-Nano-8B-v1,Gemini-Flash-2.0-Thinking,880.0,0.6443181818181818,0.5114772727272727,236.89999999999998,116.89999999999998,0.01749040468938175,2.0802331696853963e-14,,,0.01690742972531355,0.5267576210238222,lcb_codegen_v5
151,Llama-3_1-Nemotron-Nano-8B-v1,Kimi-k1.6-IOI,880.0,0.6443181818181818,0.8014772727272726,189.90000000000003,-138.3,0.01565956919707616,2.9974927194726495e-26,,,0.014736182846147573,0.5903894134206027,lcb_codegen_v5
152,Llama-3_1-Nemotron-Nano-8B-v1,Llama-3_1-Nemotron-Ultra-253B-v1,880.0,0.6443181818181818,0.7772727272727272,175.0,-117.0,0.015032677903776083,5.617395061721305e-20,,,0.014349007140447179,0.5550279554411327,lcb_codegen_v5
153,Llama-3_1-Nemotron-Nano-8B-v1,MetaStone-L1-7B,880.0,0.6443181818181818,0.5409090909090909,185.8,91.0,0.01548959928308067,1.4099066704918674e-11,,,0.015092251306311545,0.691894295540336,lcb_codegen_v5
154,Llama-3_1-Nemotron-Nano-8B-v1,O1-2024-12-17 (High),880.0,0.6443181818181818,0.8318181818181818,207.0,-165.0,0.016349425647656998,3.238388894186084e-34,,,0.015078243761040454,0.47191811374175213,lcb_codegen_v5
155,Llama-3_1-Nemotron-Nano-8B-v1,O1-2024-12-17 (Low),880.0,0.6443181818181818,0.759090909090909,201.0,-101.0,0.01611073508949753,5.568653255803213e-13,,,0.015639268466364892,0.4806820541596444,lcb_codegen_v5
156,Llama-3_1-Nemotron-Nano-8B-v1,O1-2024-12-17 (Med),880.0,0.6443181818181818,0.7829545454545455,192.0,-122.0,0.015745916432444336,1.1954956427242961e-19,,,0.01503638680832056,0.5071015032656165,lcb_codegen_v5
157,Llama-3_1-Nemotron-Nano-8B-v1,O1-Mini-2024-09-12,880.0,0.6443181818181818,0.6840909090909091,177.0,-35.0,0.015118334881420534,0.010397044402203221,,,0.015058767221427885,0.5520853121342226,lcb_codegen_v5
158,Llama-3_1-Nemotron-Nano-8B-v1,O1-Preview-2024-09-12,880.0,0.6443181818181818,0.5556818181818182,220.0,78.0,0.016854996561581053,1.5647063888289548e-07,,,0.016588043169202354,0.4917127004642101,lcb_codegen_v5
159,Llama-3_1-Nemotron-Nano-8B-v1,QwQ-32B-Preview,880.0,0.6443181818181818,0.5988636363636364,176.0,40.0,0.01507556722888818,0.003171967075110952,,,0.014997495408230997,0.5784846098438874,lcb_codegen_v5
160,Llama-3_1-Nemotron-Nano-8B-v1,QwQ-Max-Preview,880.0,0.6443181818181818,0.8,173.0,-137.0,0.014946530043143074,2.271925417522255e-28,,,0.013994888700818936,0.5661411009939077,lcb_codegen_v5
161,Llama-3_1-Nemotron-Ultra-253B-v1,DeepCoder-14B-Preview,880.0,0.7772727272727272,0.7329545454545454,165.0,39.0,0.014596855203028555,0.0029770251084543626,,,0.014520201396374804,0.49792750855883733,lcb_codegen_v5
162,Llama-3_1-Nemotron-Ultra-253B-v1,DeepSeek-R1-Lite-Preview,880.0,0.7772727272727272,0.6307954545454545,180.3,128.89999999999998,0.015258617670783304,2.5236588624281573e-23,,,0.014437591881279604,0.6470943844874008,lcb_codegen_v5
163,Llama-3_1-Nemotron-Ultra-253B-v1,DeepSeek-R1-Preview,880.0,0.7772727272727272,0.7788636363636364,111.6,-1.4000000000000057,0.01200464786022205,1.0,,,0.012004528067398637,0.7154605971318154,lcb_codegen_v5
164,Llama-3_1-Nemotron-Ultra-253B-v1,Kimi-k1.6-IOI,880.0,0.7772727272727272,0.8014772727272726,112.5,-21.30000000000001,0.01205295649749797,0.04673506819395992,,,0.012025307077455446,0.706107594490723,lcb_codegen_v5
165,Llama-3_1-Nemotron-Ultra-253B-v1,Kimi-k1.6-IOI-high,880.0,0.7772727272727272,0.8602272727272727,115.0,-73.0,0.012186142380413191,3.240204200619261e-12,,,0.011860953969099617,0.5876129777022606,lcb_codegen_v5
166,Llama-3_1-Nemotron-Ultra-253B-v1,Llama-3_1-Nemotron-Nano-8B-v1,880.0,0.7772727272727272,0.6443181818181818,175.0,117.0,0.015032677903776083,5.617395061721305e-20,,,0.014349007140447179,0.5550279554411327,lcb_codegen_v5
167,Llama-3_1-Nemotron-Ultra-253B-v1,O1-2024-12-17 (High),880.0,0.7772727272727272,0.8318181818181818,132.0,-48.0,0.013055824196677338,3.573574653630987e-05,,,0.012925696455142693,0.5333095118558474,lcb_codegen_v5
168,Llama-3_1-Nemotron-Ultra-253B-v1,O1-2024-12-17 (Low),880.0,0.7772727272727272,0.759090909090909,148.0,16.0,0.013824460296132317,0.2174455477829043,,,0.013810866919889137,0.5286952209883283,lcb_codegen_v5
169,Llama-3_1-Nemotron-Ultra-253B-v1,O1-2024-12-17 (Med),880.0,0.7772727272727272,0.7829545454545455,121.0,-5.0,0.0125,0.716294114576641,,,0.012498532502137491,0.599311360071408,lcb_codegen_v5
170,Llama-3_1-Nemotron-Ultra-253B-v1,O1-Mini-2024-09-12,880.0,0.7772727272727272,0.6840909090909091,164.0,82.0,0.014552555085074656,1.026079149778026e-10,,,0.014209503267018767,0.5468532529629141,lcb_codegen_v5
171,Llama-3_1-Nemotron-Ultra-253B-v1,QwQ-32B-Preview,880.0,0.7772727272727272,0.5988636363636364,197.0,157.0,0.01594962369047523,1.3161195334111127e-32,,,0.014772280269778788,0.5426146715220654,lcb_codegen_v5
172,Llama-3_1-Nemotron-Ultra-253B-v1,QwQ-Max-Preview,880.0,0.7772727272727272,0.8,96.0,-20.0,0.011134044285378081,0.05191052214883844,,,0.011107654003458877,0.674591503167007,lcb_codegen_v5
173,MetaStone-L1-7B,Claude-3.5-Sonnet-20240620,880.0,0.5409090909090909,0.48034090909090915,233.76,53.30000000000001,0.01737410441237854,0.0006266921997496673,0.01042802411143582,0.013745801612887564,0.017253716957500758,0.5796073494075749,lcb_codegen_v5
174,MetaStone-L1-7B,Codestral-Latest,880.0,0.5409090909090909,0.3532954545454545,246.72,165.1,0.0178492308327926,2.055054251911736e-27,0.011005075421465296,0.012549288144686586,0.016691204808836024,0.6101939532841512,lcb_codegen_v5
175,MetaStone-L1-7B,DeepCoder-14B-Preview,880.0,0.5409090909090909,0.7329545454545454,239.20000000000002,-169.00000000000003,0.01757510448107382,3.3723070797361384e-30,,,0.016339325303425155,0.5650956374999444,lcb_codegen_v5
176,MetaStone-L1-7B,DeepSeek-R1-Lite-Preview,880.0,0.5409090909090909,0.6307954545454545,184.51999999999998,-79.10000000000001,0.015436152156169934,3.2751286248636186e-09,0.013077236652186894,0.007620981472495503,0.015135834204344998,0.8087205385286356,lcb_codegen_v5
177,MetaStone-L1-7B,DeepSeek-V3 copy,880.0,0.5409090909090909,0.5453409090909092,205.7,-3.8999999999999915,0.01629800601300662,0.7800402214898474,0.011381929719981443,0.011664234073317207,0.016297321272765383,0.6710802674948328,lcb_codegen_v5
178,MetaStone-L1-7B,GPT-4O-2024-05-13,880.0,0.5409090909090909,0.4343181818181819,222.28000000000003,93.80000000000003,0.016942110965488987,2.344509208699093e-10,0.011005727284366591,0.012369242374975076,0.016556696228074316,0.6397204790578382,lcb_codegen_v5
179,MetaStone-L1-7B,Gemini-Flash-1.5-002,880.0,0.5409090909090909,0.36124999999999996,226.84000000000003,158.10000000000002,0.017115009603240316,6.103951020071312e-28,0.010213936310232943,0.012325591575830913,0.01600764513111435,0.6440936536262558,lcb_codegen_v5
180,MetaStone-L1-7B,Gemini-Flash-2.0-Thinking,880.0,0.5409090909090909,0.5114772727272727,203.42,25.900000000000006,0.016207429935803114,0.09184530038378091,0.012300403697825391,0.01050697385255405,0.01617703405039784,0.7100726142747295,lcb_codegen_v5
181,MetaStone-L1-7B,Gemini-Pro-1.5-002,880.0,0.5409090909090909,0.4209090909090909,226.12,105.60000000000001,0.017087826124258534,3.0095339231066884e-12,0.010719094639893328,0.012677979941231422,0.016602113277810634,0.6272649289542911,lcb_codegen_v5
182,MetaStone-L1-7B,Llama-3_1-Nemotron-Nano-8B-v1,880.0,0.5409090909090909,0.6443181818181818,185.8,-91.0,0.01548959928308067,1.4099066704918674e-11,,,0.015092251306311545,0.691894295540336,lcb_codegen_v5
183,MetaStone-L1-7B,Mistral-Large,880.0,0.5409090909090909,0.3729545454545455,228.45999999999998,147.8,0.01717601513354505,3.930477350462316e-24,0.011457942016859223,0.011475002673523669,0.016216045190461312,0.6649497137343443,lcb_codegen_v5
184,MetaStone-L1-7B,O1-Mini-2024-09-12,880.0,0.5409090909090909,0.6840909090909091,214.39999999999998,-126.0,0.01663909565247557,1.1401982873010104e-18,,,0.01592365773487362,0.6205487118667208,lcb_codegen_v5
185,MetaStone-L1-7B,O1-Preview-2024-09-12,880.0,0.5409090909090909,0.5556818181818182,229.0,-13.0,0.017196302216388133,0.42785158256031297,,,0.01718909006714983,0.5659290881327781,lcb_codegen_v5
186,MetaStone-L1-7B,QwQ-32B-Preview,880.0,0.5409090909090909,0.5988636363636364,171.40000000000003,-51.000000000000014,0.014877252590048311,0.00011821832487370873,,,0.014748420482989029,0.7247736387165016,lcb_codegen_v5
187,Mistral-Large,AzeroGPT-64b,880.0,0.3729545454545455,0.2203409090909091,189.18,134.3,0.015629854617746793,6.771944840094066e-24,0.010594555448074845,0.010275251500897234,0.014758909124627852,0.7044129907070432,lcb_codegen_v5
188,Mistral-Large,Claude-3.5-Sonnet-20240620,880.0,0.3729545454545455,0.48034090909090915,178.26000000000002,-94.50000000000003,0.015172050477851678,2.7465958612715486e-13,0.0073926740720608565,0.01274500420751857,0.014733864468814249,0.6662881003732365,lcb_codegen_v5
189,Mistral-Large,Codestral-Latest,880.0,0.3729545454545455,0.3532954545454545,131.51999999999998,17.299999999999997,0.013032064715301318,0.16188152458394647,0.008186551661058125,0.010118097696246879,0.01301520376674795,0.7654733647237131,lcb_codegen_v5
190,Mistral-Large,DeepSeek-V3 copy,880.0,0.3729545454545455,0.5453409090909092,221.60000000000002,-151.7,0.016916176423571266,8.623879875123352e-27,0.00868655669512557,0.013301555287519187,0.015886712695978373,0.6157604313549218,lcb_codegen_v5
191,Mistral-Large,GPT-4O-2024-05-13,880.0,0.3729545454545455,0.4343181818181819,130.07999999999998,-53.999999999999986,0.012960524935802957,2.430816850424535e-06,0.008187427930973512,0.009831696593654387,0.012794382909486509,0.7875577446238365,lcb_codegen_v5
192,Mistral-Large,Gemini-Flash-1.5-002,880.0,0.3729545454545455,0.36124999999999996,140.5,10.300000000000011,0.013469624535374657,0.4469896132741674,0.007087484604323943,0.011447387011803568,0.01346384445151302,0.7188096100429477,lcb_codegen_v5
193,Mistral-Large,Gemini-Flash-2.0-Thinking,880.0,0.3729545454545455,0.5114772727272727,180.04,-121.9,0.015247611925199552,4.238116203205912e-21,0.009859405367288158,0.010652540980853165,0.01451497514793831,0.7334563906654376,lcb_codegen_v5
194,Mistral-Large,Gemini-Pro-1.5-002,880.0,0.3729545454545455,0.4209090909090909,144.06,-42.199999999999996,0.01363920424958815,0.00030772251187278116,0.0077978800302405185,0.01107283767187097,0.013543067122097156,0.737342899895185,lcb_codegen_v5
195,Mistral-Large,MetaStone-L1-7B,880.0,0.3729545454545455,0.5409090909090909,228.45999999999998,-147.8,0.01717601513354505,3.930477350462316e-24,0.011457942016859223,0.011475002673523669,0.016216045190461312,0.6649497137343443,lcb_codegen_v5
196,Mistral-Large,O1-Preview-2024-09-12,880.0,0.3729545454545455,0.5556818181818182,238.40000000000003,-160.8,0.017545690059653438,9.58362691435283e-28,,,0.016428904500312574,0.5428551787554186,lcb_codegen_v5
197,O1-2024-12-17 (High),DeepCoder-14B-Preview,880.0,0.8318181818181818,0.7329545454545454,157.0,87.0,0.014238595552433713,1.7493089809614953e-12,,,0.013843076391945477,0.5045863682748174,lcb_codegen_v5
198,O1-2024-12-17 (High),DeepSeek-R1-Preview,880.0,0.8318181818181818,0.7788636363636364,106.00000000000001,46.60000000000001,0.011699579705667046,9.102659374333861e-06,,,0.011562594548519961,0.7082784555541731,lcb_codegen_v5
199,O1-2024-12-17 (High),Kimi-k1.6-IOI,880.0,0.8318181818181818,0.8014772727272726,93.5,26.70000000000001,0.010988113412394158,0.006695018134217244,,,0.01094040827493204,0.7421965875400292,lcb_codegen_v5
200,O1-2024-12-17 (High),Kimi-k1.6-IOI-high,880.0,0.8318181818181818,0.8602272727272727,77.0,-25.0,0.00997155044021832,0.005870707889737201,,,0.009925456455826043,0.668648580157984,lcb_codegen_v5
201,O1-2024-12-17 (High),Llama-3_1-Nemotron-Nano-8B-v1,880.0,0.8318181818181818,0.6443181818181818,207.0,165.0,0.016349425647656998,3.238388894186084e-34,,,0.015078243761040454,0.47191811374175213,lcb_codegen_v5
202,O1-2024-12-17 (High),Llama-3_1-Nemotron-Ultra-253B-v1,880.0,0.8318181818181818,0.7772727272727272,132.0,48.0,0.013055824196677338,3.573574653630987e-05,,,0.012925696455142693,0.5333095118558474,lcb_codegen_v5
203,O1-2024-12-17 (High),O1-2024-12-17 (Low),880.0,0.8318181818181818,0.759090909090909,106.0,64.0,0.011699579705667046,2.5826739547920264e-10,,,0.011439827222560822,0.6489736347150858,lcb_codegen_v5
204,O1-2024-12-17 (High),O1-2024-12-17 (Med),880.0,0.8318181818181818,0.7829545454545455,85.0,43.0,0.010476755065105554,3.276470353441135e-06,,,0.010346456032042577,0.6992495114852477,lcb_codegen_v5
205,O1-2024-12-17 (High),O1-Mini-2024-09-12,880.0,0.8318181818181818,0.6840909090909091,168.0,130.0,0.014728956132745137,3.33298643379015e-26,,,0.013861561625000862,0.5375112216784951,lcb_codegen_v5
206,O1-2024-12-17 (High),QwQ-Max-Preview,880.0,0.8318181818181818,0.8,116.0,28.0,0.01223901092530569,0.011849889910578776,,,0.012191920998795533,0.5651016117787262,lcb_codegen_v5
207,O1-2024-12-17 (Low),DeepCoder-14B-Preview,880.0,0.759090909090909,0.7329545454545454,161.0,23.0,0.014418838114147181,0.08262582271649302,,,0.014391894655042235,0.5188692278475789,lcb_codegen_v5
208,O1-2024-12-17 (Low),DeepSeek-R1-Lite-Preview,880.0,0.759090909090909,0.6307954545454545,167.5,112.90000000000002,0.014707021710846346,1.3531388272752777e-19,,,0.014056751266735444,0.6842016143245421,lcb_codegen_v5
209,O1-2024-12-17 (Low),DeepSeek-R1-Preview,880.0,0.759090909090909,0.7788636363636364,105.4,-17.4,0.011666420697918727,0.11799998150585843,,,0.011647364437001387,0.7508656031947952,lcb_codegen_v5
210,O1-2024-12-17 (Low),Kimi-k1.6-IOI,880.0,0.759090909090909,0.8014772727272726,112.1,-37.29999999999999,0.01203150993869675,0.0004209679285168773,,,0.011946364976524416,0.7252899969866733,lcb_codegen_v5
211,O1-2024-12-17 (Low),Kimi-k1.6-IOI-high,880.0,0.759090909090909,0.8602272727272727,117.0,-89.0,0.012291652075445417,6.384202700912362e-18,,,0.011809375195396026,0.6082364553060422,lcb_codegen_v5
212,O1-2024-12-17 (Low),Llama-3_1-Nemotron-Nano-8B-v1,880.0,0.759090909090909,0.6443181818181818,201.0,101.0,0.01611073508949753,5.568653255803213e-13,,,0.015639268466364892,0.4806820541596443,lcb_codegen_v5
213,O1-2024-12-17 (Low),Llama-3_1-Nemotron-Ultra-253B-v1,880.0,0.759090909090909,0.7772727272727272,148.0,-16.0,0.013824460296132317,0.2174455477829043,,,0.013810866919889137,0.5286952209883283,lcb_codegen_v5
214,O1-2024-12-17 (Low),O1-2024-12-17 (High),880.0,0.759090909090909,0.8318181818181818,106.0,-64.0,0.011699579705667046,2.5826739547920264e-10,,,0.011439827222560822,0.6489736347150858,lcb_codegen_v5
215,O1-2024-12-17 (Low),O1-2024-12-17 (Med),880.0,0.759090909090909,0.7829545454545455,93.0,-21.0,0.010958694046582904,0.03751423180190034,,,0.01092912835672938,0.7025421384511603,lcb_codegen_v5
216,O1-2024-12-17 (Low),O1-Mini-2024-09-12,880.0,0.759090909090909,0.6840909090909091,150.0,66.0,0.013917555356722603,6.915618314188382e-08,,,0.013685989246411548,0.5889223961988336,lcb_codegen_v5
217,O1-2024-12-17 (Low),QwQ-32B-Preview,880.0,0.759090909090909,0.5988636363636364,197.0,141.0,0.01594962369047523,9.150920375086123e-26,,,0.015007227707084727,0.536524485955146,lcb_codegen_v5
218,O1-2024-12-17 (Low),QwQ-Max-Preview,880.0,0.759090909090909,0.8,118.0,-36.0,0.012344068740000245,0.0011783931030854508,,,0.012266795321846252,0.6151695546362043,lcb_codegen_v5
219,O1-2024-12-17 (Med),DeepCoder-14B-Preview,880.0,0.7829545454545455,0.7329545454545454,148.0,44.0,0.013824460296132317,0.0003734381914831312,,,0.013721326225566894,0.5482734548748073,lcb_codegen_v5
220,O1-2024-12-17 (Med),DeepSeek-R1-Lite-Preview,880.0,0.7829545454545455,0.6307954545454545,171.89999999999998,133.89999999999998,0.014898936397781015,5.928628434532069e-27,,,0.013988165458401718,0.6767748166029959,lcb_codegen_v5
221,O1-2024-12-17 (Med),DeepSeek-R1-Preview,880.0,0.7829545454545455,0.7788636363636364,96.80000000000001,3.6000000000000014,0.011180339887498949,0.7596492883236297,,,0.011179489359720423,0.7672321969294468,lcb_codegen_v5
222,O1-2024-12-17 (Med),Kimi-k1.6-IOI,880.0,0.7829545454545455,0.8014772727272726,95.9,-16.30000000000001,0.011128243793040992,0.10017333048675559,,,0.011110712546787128,0.7663661692749114,lcb_codegen_v5
223,O1-2024-12-17 (Med),Kimi-k1.6-IOI-high,880.0,0.7829545454545455,0.8602272727272727,98.0,-68.0,0.011249426064331438,1.3988186908802743e-12,,,0.010943686535222815,0.6463453642014857,lcb_codegen_v5
224,O1-2024-12-17 (Med),Llama-3_1-Nemotron-Nano-8B-v1,880.0,0.7829545454545455,0.6443181818181818,192.0,122.0,0.015745916432444336,1.1954956427242961e-19,,,0.01503638680832056,0.5071015032656165,lcb_codegen_v5
225,O1-2024-12-17 (Med),Llama-3_1-Nemotron-Ultra-253B-v1,880.0,0.7829545454545455,0.7772727272727272,121.0,5.0,0.0125,0.716294114576641,,,0.012498532502137491,0.599311360071408,lcb_codegen_v5
226,O1-2024-12-17 (Med),O1-2024-12-17 (High),880.0,0.7829545454545455,0.8318181818181818,85.0,-43.0,0.010476755065105554,3.276470353441135e-06,,,0.010346456032042577,0.6992495114852478,lcb_codegen_v5
227,O1-2024-12-17 (Med),O1-2024-12-17 (Low),880.0,0.7829545454545455,0.759090909090909,93.0,21.0,0.010958694046582904,0.03751423180190034,,,0.01092912835672938,0.7025421384511603,lcb_codegen_v5
228,O1-2024-12-17 (Med),O1-Mini-2024-09-12,880.0,0.7829545454545455,0.6840909090909091,141.0,87.0,0.013493570553452178,6.399435193704268e-14,,,0.013075534672373622,0.6146850513423102,lcb_codegen_v5
229,O1-2024-12-17 (Med),QwQ-32B-Preview,880.0,0.7829545454545455,0.5988636363636364,192.0,162.0,0.015745916432444336,2.6948949525688824e-36,,,0.014471459190573452,0.5589534241281314,lcb_codegen_v5
230,O1-2024-12-17 (Med),QwQ-Max-Preview,880.0,0.7829545454545455,0.8,111.0,-15.0,0.01197233381005993,0.18365717190177483,,,0.011958537085379176,0.6188566338898881,lcb_codegen_v5
231,O1-Mini-2024-09-12,DeepCoder-14B-Preview,880.0,0.6840909090909091,0.7329545454545454,187.0,-43.0,0.015539539012701525,0.0020485721433264187,,,0.015451991083871623,0.4904245539593192,lcb_codegen_v5
232,O1-Mini-2024-09-12,DeepSeek-R1-Lite-Preview,880.0,0.6840909090909091,0.6307954545454545,158.5,46.90000000000002,0.014306452627288831,0.0003145679662181671,,,0.014193197429836117,0.7070516646031257,lcb_codegen_v5
233,O1-Mini-2024-09-12,DeepSeek-R1-Preview,880.0,0.6840909090909091,0.7788636363636364,138.4,-83.4,0.013368582881684313,2.7134498405562956e-13,,,0.012981230218964074,0.7033994276226796,lcb_codegen_v5
234,O1-Mini-2024-09-12,DeepSeek-V3 copy,880.0,0.6840909090909091,0.5453409090909092,213.9,122.1,0.016619682396941483,6.884606541565825e-18,,,0.015947948689628542,0.5524575456459314,lcb_codegen_v5
235,O1-Mini-2024-09-12,Gemini-Flash-2.0-Thinking,880.0,0.6840909090909091,0.5114772727272727,237.1,151.9,0.01749778616457399,4.3013623169654294e-24,,,0.01650194033781057,0.5397237687197144,lcb_codegen_v5
236,O1-Mini-2024-09-12,Kimi-k1.6-IOI,880.0,0.6840909090909091,0.8014772727272726,155.10000000000002,-103.30000000000001,0.014152176189868854,2.577258605639949e-18,,,0.013587696708964639,0.6559572489903767,lcb_codegen_v5
237,O1-Mini-2024-09-12,Kimi-k1.6-IOI-high,880.0,0.6840909090909091,0.8602272727272727,167.0,-155.0,0.014685054526500096,3.0536888838142817e-40,,,0.01343116747944894,0.5508744423165092,lcb_codegen_v5
238,O1-Mini-2024-09-12,Llama-3_1-Nemotron-Nano-8B-v1,880.0,0.6840909090909091,0.6443181818181818,177.0,35.0,0.015118334881420534,0.010397044402203221,,,0.015058767221427885,0.5520853121342225,lcb_codegen_v5
239,O1-Mini-2024-09-12,Llama-3_1-Nemotron-Ultra-253B-v1,880.0,0.6840909090909091,0.7772727272727272,164.0,-82.0,0.014552555085074656,1.026079149778026e-10,,,0.014209503267018767,0.5468532529629141,lcb_codegen_v5
240,O1-Mini-2024-09-12,MetaStone-L1-7B,880.0,0.6840909090909091,0.5409090909090909,214.39999999999998,126.0,0.01663909565247557,1.1401982873010104e-18,,,0.01592365773487362,0.6205487118667208,lcb_codegen_v5
241,O1-Mini-2024-09-12,O1-2024-12-17 (High),880.0,0.6840909090909091,0.8318181818181818,168.0,-130.0,0.014728956132745137,3.33298643379015e-26,,,0.013861561625000862,0.5375112216784951,lcb_codegen_v5
242,O1-Mini-2024-09-12,O1-2024-12-17 (Low),880.0,0.6840909090909091,0.759090909090909,150.0,-66.0,0.013917555356722603,6.915618314188382e-08,,,0.013685989246411548,0.5889223961988337,lcb_codegen_v5
243,O1-Mini-2024-09-12,O1-2024-12-17 (Med),880.0,0.6840909090909091,0.7829545454545455,141.0,-87.0,0.013493570553452178,6.399435193704268e-14,,,0.013075534672373622,0.6146850513423102,lcb_codegen_v5
244,O1-Mini-2024-09-12,O1-Preview-2024-09-12,880.0,0.6840909090909091,0.5556818181818182,201.0,113.0,0.01611073508949753,4.3667121125077765e-16,,,0.015518324808585598,0.5435019405580688,lcb_codegen_v5
245,O1-Mini-2024-09-12,QwQ-32B-Preview,880.0,0.6840909090909091,0.5988636363636364,177.0,75.0,0.015118334881420534,1.642014869575487e-08,,,0.014842838632111551,0.5759589458819117,lcb_codegen_v5
246,O1-Mini-2024-09-12,QwQ-Max-Preview,880.0,0.6840909090909091,0.8,162.0,-102.0,0.014463547796997562,1.8253286401945031e-16,,,0.013925776938319728,0.5524434077614891,lcb_codegen_v5
247,O1-Preview-2024-09-12,Claude-3.5-Sonnet-20240620,880.0,0.5556818181818182,0.48034090909090915,188.7,66.3,0.015610013474086337,1.6860965470030647e-06,,,0.01540202044004047,0.5949167048331464,lcb_codegen_v5
248,O1-Preview-2024-09-12,DeepCoder-14B-Preview,880.0,0.5556818181818182,0.7329545454545454,258.0,-156.0,0.018252702732055693,1.805166565907918e-23,,,0.01724674535657207,0.411394552127663,lcb_codegen_v5
249,O1-Preview-2024-09-12,DeepSeek-R1-Lite-Preview,880.0,0.5556818181818182,0.6307954545454545,186.7,-66.10000000000001,0.01552706913854182,1.4750743923316426e-06,,,0.015319218193814085,0.6652603069065518,lcb_codegen_v5
250,O1-Preview-2024-09-12,DeepSeek-V3 copy,880.0,0.5556818181818182,0.5453409090909092,196.3,9.100000000000009,0.01592126157840307,0.6171884623458013,,,0.01591744495462002,0.5849463870557469,lcb_codegen_v5
251,O1-Preview-2024-09-12,GPT-4O-2024-05-13,880.0,0.5556818181818182,0.4343181818181819,205.99999999999997,106.79999999999998,0.016309886470917415,3.3643638057895446e-14,,,0.015788437111736383,0.5819918537575433,lcb_codegen_v5
252,O1-Preview-2024-09-12,Gemini-Flash-1.5-002,880.0,0.5556818181818182,0.36124999999999996,240.7,171.10000000000002,0.017630124247767952,1.9720957749972732e-30,,,0.016366505268911802,0.517224401348676,lcb_codegen_v5
253,O1-Preview-2024-09-12,Gemini-Flash-2.0-Thinking,880.0,0.5556818181818182,0.5114772727272727,182.3,38.89999999999999,0.01534301332370013,0.005942580538128379,,,0.015270479879874285,0.6504522203707394,lcb_codegen_v5
254,O1-Preview-2024-09-12,Gemini-Pro-1.5-002,880.0,0.5556818181818182,0.4209090909090909,211.0,118.60000000000001,0.016506635279924943,2.2226180068083134e-16,,,0.015869103745965788,0.5692682788220993,lcb_codegen_v5
255,O1-Preview-2024-09-12,Llama-3_1-Nemotron-Nano-8B-v1,880.0,0.5556818181818182,0.6443181818181818,220.0,-78.0,0.016854996561581053,1.5647063888289548e-07,,,0.016588043169202354,0.4917127004642101,lcb_codegen_v5
256,O1-Preview-2024-09-12,MetaStone-L1-7B,880.0,0.5556818181818182,0.5409090909090909,229.0,13.0,0.017196302216388133,0.42785158256031297,,,0.01718909006714983,0.5659290881327781,lcb_codegen_v5
257,O1-Preview-2024-09-12,Mistral-Large,880.0,0.5556818181818182,0.3729545454545455,238.40000000000003,160.8,0.017545690059653438,4.950512860858448e-27,,,0.016428904500312574,0.5428551787554186,lcb_codegen_v5
258,O1-Preview-2024-09-12,O1-Mini-2024-09-12,880.0,0.5556818181818182,0.6840909090909091,201.0,-113.0,0.01611073508949753,4.3667121125077765e-16,,,0.015518324808585598,0.5435019405580688,lcb_codegen_v5
259,O1-Preview-2024-09-12,QwQ-32B-Preview,880.0,0.5556818181818182,0.5988636363636364,174.0,-38.0,0.014989665861673772,0.004887778883883101,,,0.014918818321844742,0.5979778110896641,lcb_codegen_v5
260,QwQ-32B-Preview,Claude-3.5-Sonnet-20240620,880.0,0.5988636363636364,0.48034090909090915,198.90000000000003,104.30000000000003,0.01602635355483158,6.366545227324355e-14,,,0.015520334549777021,0.5823882463466121,lcb_codegen_v5
261,QwQ-32B-Preview,DeepCoder-14B-Preview,880.0,0.5988636363636364,0.7329545454545454,208.0,-118.0,0.016388869433927224,6.71149141706129e-17,,,0.015753183821879322,0.501692589221841,lcb_codegen_v5
262,QwQ-32B-Preview,DeepSeek-R1-Lite-Preview,880.0,0.5988636363636364,0.6307954545454545,138.5,-28.1,0.013373411699931613,0.021199549692339205,,,0.013330020912483038,0.7817373765345358,lcb_codegen_v5
263,QwQ-32B-Preview,DeepSeek-R1-Preview,880.0,0.5988636363636364,0.7788636363636364,186.79999999999998,-158.4,0.015531226875699897,9.137037246442992e-36,,,0.014296881703584209,0.6464093059717925,lcb_codegen_v5
264,QwQ-32B-Preview,DeepSeek-V3 copy,880.0,0.5988636363636364,0.5453409090909092,187.7,47.10000000000001,0.01556859654391196,0.0007257496113600019,,,0.015463695467520333,0.6057905343558231,lcb_codegen_v5
265,QwQ-32B-Preview,GPT-4O-2024-05-13,880.0,0.5988636363636364,0.4343181818181819,221.6,144.79999999999998,0.016916176423571266,5.947405869077329e-24,,,0.015980918138610425,0.5639884653700747,lcb_codegen_v5
266,QwQ-32B-Preview,Gemini-Flash-2.0-Thinking,880.0,0.5988636363636364,0.5114772727272727,176.5,76.89999999999999,0.015096966199530024,9.344724591562697e-09,,,0.014806778441147203,0.6720899886198646,lcb_codegen_v5
267,QwQ-32B-Preview,Gemini-Pro-1.5-002,880.0,0.5988636363636364,0.4209090909090909,210.6,156.6,0.016490981757883397,1.1416791141078371e-29,,,0.015361195264893643,0.5927490397801689,lcb_codegen_v5
268,QwQ-32B-Preview,Llama-3_1-Nemotron-Nano-8B-v1,880.0,0.5988636363636364,0.6443181818181818,176.0,-40.0,0.01507556722888818,0.003171967075110952,,,0.014997495408230997,0.5784846098438873,lcb_codegen_v5
269,QwQ-32B-Preview,Llama-3_1-Nemotron-Ultra-253B-v1,880.0,0.5988636363636364,0.7772727272727272,197.0,-157.0,0.01594962369047523,1.3161195334111127e-32,,,0.014772280269778788,0.5426146715220653,lcb_codegen_v5
270,QwQ-32B-Preview,MetaStone-L1-7B,880.0,0.5988636363636364,0.5409090909090909,171.40000000000003,51.000000000000014,0.014877252590048311,0.00011821832487370873,,,0.014748420482989029,0.7247736387165016,lcb_codegen_v5
271,QwQ-32B-Preview,O1-2024-12-17 (Low),880.0,0.5988636363636364,0.759090909090909,197.0,-141.0,0.01594962369047523,9.150920375086123e-26,,,0.015007227707084727,0.536524485955146,lcb_codegen_v5
272,QwQ-32B-Preview,O1-2024-12-17 (Med),880.0,0.5988636363636364,0.7829545454545455,192.0,-162.0,0.015745916432444336,2.6948949525688824e-36,,,0.014471459190573452,0.5589534241281314,lcb_codegen_v5
273,QwQ-32B-Preview,O1-Mini-2024-09-12,880.0,0.5988636363636364,0.6840909090909091,177.0,-75.0,0.015118334881420534,1.642014869575487e-08,,,0.014842838632111551,0.5759589458819117,lcb_codegen_v5
274,QwQ-32B-Preview,O1-Preview-2024-09-12,880.0,0.5988636363636364,0.5556818181818182,174.0,38.0,0.014989665861673772,0.004887778883883101,,,0.014918818321844742,0.5979778110896641,lcb_codegen_v5
275,QwQ-Max-Preview,DeepCoder-14B-Preview,880.0,0.8,0.7329545454545454,151.0,59.0,0.013963870144823304,1.765218829289685e-06,,,0.013779753598028854,0.532971900456828,lcb_codegen_v5
276,QwQ-Max-Preview,DeepSeek-R1-Lite-Preview,880.0,0.8,0.6307954545454545,178.70000000000002,148.9,0.015190763559500923,1.365831063666981e-32,,,0.014079240182224069,0.660621733397299,lcb_codegen_v5
277,QwQ-Max-Preview,DeepSeek-R1-Preview,880.0,0.8,0.7788636363636364,89.0,18.6,0.010720433104609777,0.08932073673118937,,,0.010696729415647813,0.7885077076704369,lcb_codegen_v5
278,QwQ-Max-Preview,Kimi-k1.6-IOI,880.0,0.8,0.8014772727272726,93.9,-1.3000000000000114,0.011011592313977856,1.0,,,0.011011479708170404,0.7611213145521823,lcb_codegen_v5
279,QwQ-Max-Preview,Kimi-k1.6-IOI-high,880.0,0.8,0.8602272727272727,93.0,-53.0,0.010958694046582904,2.9201448769714557e-08,,,0.010768983967101837,0.6423261097327645,lcb_codegen_v5
280,QwQ-Max-Preview,Llama-3_1-Nemotron-Nano-8B-v1,880.0,0.8,0.6443181818181818,173.0,137.0,0.014946530043143074,2.271925417522255e-28,,,0.013994888700818936,0.5661411009939077,lcb_codegen_v5
281,QwQ-Max-Preview,Llama-3_1-Nemotron-Ultra-253B-v1,880.0,0.8,0.7772727272727272,96.0,20.0,0.011134044285378081,0.05191052214883844,,,0.011107654003458877,0.6745915031670069,lcb_codegen_v5
282,QwQ-Max-Preview,O1-2024-12-17 (High),880.0,0.8,0.8318181818181818,116.0,-28.0,0.01223901092530569,0.011849889910578776,,,0.012191920998795533,0.5651016117787262,lcb_codegen_v5
283,QwQ-Max-Preview,O1-2024-12-17 (Low),880.0,0.8,0.759090909090909,118.0,36.0,0.012344068740000245,0.0011783931030854508,,,0.012266795321846252,0.6151695546362042,lcb_codegen_v5
284,QwQ-Max-Preview,O1-2024-12-17 (Med),880.0,0.8,0.7829545454545455,111.0,15.0,0.01197233381005993,0.18365717190177483,,,0.011958537085379176,0.6188566338898881,lcb_codegen_v5
285,QwQ-Max-Preview,O1-Mini-2024-09-12,880.0,0.8,0.6840909090909091,162.0,102.0,0.014463547796997562,1.8253286401945031e-16,,,0.013925776938319728,0.5524434077614891,lcb_codegen_v5
